Poste;Compagnie;Ville;Expérience;Diplôme;Salaire
Analyste d'affaire, Infrastructure, réseautique et communications;BRP;Montréal;1 an;Dec;64000
Spécialiste en sécurité réseau;ITI inc;Montréal;5 ans;Non déterminé;85000
Administrateur Réseau;DELAN Chasseurs de Talents en TI;Montréal;Non déterminé;Non déterminé;Non déterminé
Analyste Réseautique;Société de transport de Montréal;Montréal;3 ans;Bac en informatique;85000
Analyste Serveur Linux;Société de transport de Montréal;Montréal;3 ans;Bac en informatique;85000